FIPS,Qualifying Name,File identification,State Postal Abbreviation,Summary Level,Geographic Component,Logical Record Number,US,Census Region,Census Division,State (Census Code),State (FIPS Code),County of current residence,County Subdivision (FIPS),Place (FIPS Code),Census Tract,Block Group,Consolidated City,American Indian Area/AlaskaNative Area/ Hawaiian Home Land(Census),American Indian Area/AlaskaNative Area/ Hawaiian Home Land(FIPS),American Indian Trust Land/Hawaiian Home Land Indicator,American Indian TribalSubdivision (Census),American Indian TribalSubdivision (FIPS),Alaska Native RegionalCorporation (FIPS),Metropolitan and MicropolitanStatistical Area,Combined Statistical Area,Metropolitan Statistical Area-Metropolitan Division,Metropolitan Area Central City,Metropolitan/MicropolitanIndicator Flag,New England City and Town Area,New England City and TownCombined Statistical Area,New England City and Town AreaDivision,Urban Area,Urban Area Central Place,Current Congressional District ***,State Legislative District Upper,State Legislative District Lower,Voting District,ZIP Code Tabulation Area (3-digit),5-digit ZIP Code Tabulation Area,Subminor Civil Division (FIPS),State-School District (Elementary),State-School District (Secondary),State-School District (Unified),Urban/Rural,Principal City Indicator,Traffic Analysis Zone,Urban Growth Area,Public Use Microdata Area â€“ 5%File,Public Use Microdata Area - 1% File,Geographic Identifier,Area Name,Tribal Tract,Tribal Block Group,Place (State FIPS + Place FIPS),Total Population:,Total Population: White Alone,Total Population: Black or African American Alone,Total Population: American Indian and Alaska Native Alone,Total Population: Asian Alone,Total Population: Native Hawaiian and Other Pacific Islander Alone,Total Population: Some Other Race Alone,Total Population: Two or More Races,Total Population:,Total Population: Under 5 Years,Total Population: 5 to 9 Years,Total Population: 10 to 14 Years,Total Population: 15 to 17 Years,Total Population: 18 to 24 Years,Total Population: 25 to 34 Years,Total Population: 35 to 44 Years,Total Population: 45 to 54 Years,Total Population: 55 to 64 Years,Total Population: 65 to 74 Years,Total Population: 75 to 84 Years,Total Population: 85 Years and Over,Households:,"Households: Less than $10,000","Households: $10,000 to $14,999","Households: $15,000 to $19,999","Households: $20,000 to $24,999","Households: $25,000 to $29,999","Households: $30,000 to $34,999","Households: $35,000 to $39,999","Households: $40,000 to $44,999","Households: $45,000 to $49,999","Households: $50,000 to $59,999","Households: $60,000 to $74,999","Households: $75,000 to $99,999","Households: $100,000 to $124,999","Households: $125,000 to $149,999","Households: $150,000 to $199,999","Households: $200,000 or More",Median Household Income (In 2021 Inflation Adjusted Dollars),Workers 16 Years and Over:,"Workers 16 Years and Over: Car, Truck, or Van",Workers 16 Years and Over: Drove Alone,Workers 16 Years and Over: Carpooled,Workers 16 Years and Over: Public Transportation (Includes Taxicab),Workers 16 Years and Over: Motorcycle,Workers 16 Years and Over: Bicycle,Workers 16 Years and Over: Walked,Workers 16 Years and Over: Other Means,Workers 16 Years and Over: Worked At Home,Renter-Occupied Housing Units,Renter-Occupied Housing Units: 30 to 49 Percent,Renter-Occupied Housing Units: 50 percent or More,Median Gross Rent
6001400200,"Census Tract 4002, Alameda County, California",ACSSF,ca,140,0,2819,,,,,6,1,,,400200,,,,,,,,,,,,,,,,,,,,,,,,,,,,,,,,,,,14000US06001400200,Census Tract 4002,,,,2038,1498,48,0,197,0,26,269,2038,161,51,90,54,61,425,280,228,214,294,152,28,868,0,19,0,0,0,8,2,24,21,18,18,80,81,60,97,440,201154,1096,335,275,60,318,10,33,29,0,371,375,21,32,2532
6001400300,"Census Tract 4003, Alameda County, California",ACSSF,ca,140,0,2820,,,,,6,1,,,400300,,,,,,,,,,,,,,,,,,,,,,,,,,,,,,,,,,,14000US06001400300,Census Tract 4003,,,,5449,3410,530,22,640,0,395,452,5449,98,437,179,184,193,1378,634,888,485,548,217,208,2548,78,104,47,85,60,46,0,14,62,40,220,247,257,143,303,842,127333,3289,1148,1001,147,954,46,109,103,0,929,1577,493,295,1979
6001400400,"Census Tract 4004, Alameda County, California",ACSSF,ca,140,0,2821,,,,,6,1,,,400400,,,,,,,,,,,,,,,,,,,,,,,,,,,,,,,,,,,14000US06001400400,Census Tract 4004,,,,4384,3061,367,22,356,0,189,389,4384,294,214,316,120,107,980,762,672,387,346,121,65,1826,32,42,69,25,37,15,10,6,35,95,28,223,71,283,205,650,146265,2584,1138,946,192,500,16,169,139,26,596,952,56,113,2231
6001401100,"Census Tract 4011, Alameda County, California",ACSSF,ca,140,0,2828,,,,,6,1,,,401100,,,,,,,,,,,,,,,,,,,,,,,,,,,,,,,,,,,14000US06001401100,Census Tract 4011,,,,5204,2441,933,0,914,10,372,534,5204,212,176,261,133,453,1603,941,825,263,256,43,38,2428,174,11,41,101,47,0,66,55,46,115,173,632,251,49,207,460,85994,3257,1041,957,84,1373,25,123,141,14,540,1913,583,251,1881
6001401200,"Census Tract 4012, Alameda County, California",ACSSF,ca,140,0,2829,,,,,6,1,,,401200,,,,,,,,,,,,,,,,,,,,,,,,,,,,,,,,,,,14000US06001401200,Census Tract 4012,,,,2800,1796,286,0,312,0,113,293,2800,197,58,39,27,127,878,485,469,279,138,79,24,1360,26,44,30,10,43,73,21,0,43,63,102,167,129,77,136,396,103824,1872,761,652,109,523,0,96,79,29,384,819,157,214,2445
6001401300,"Census Tract 4013, Alameda County, California",ACSSF,ca,140,0,2830,,,,,6,1,,,401300,,,,,,,,,,,,,,,,,,,,,,,,,,,,,,,,,,,14000US06001401300,Census Tract 4013,,,,4074,1726,902,25,854,0,135,432,4074,151,38,63,70,211,1426,694,455,466,179,168,153,2065,124,78,74,81,58,105,68,58,48,87,61,300,297,146,230,250,91225,2640,994,874,120,744,54,137,264,0,447,1757,407,398,1690
6001402600,"Census Tract 4026, Alameda County, California",ACSSF,ca,140,0,2839,,,,,6,1,,,402600,,,,,,,,,,,,,,,,,,,,,,,,,,,,,,,,,,,14000US06001402600,Census Tract 4026,,,,1299,197,437,4,454,0,38,169,1299,50,100,73,13,84,182,180,166,132,218,79,22,603,65,122,24,16,26,17,28,48,15,78,34,11,16,8,47,48,40292,612,325,273,52,84,0,5,91,41,66,517,133,116,1061
6001402700,"Census Tract 4027, Alameda County, California",ACSSF,ca,140,0,2840,,,,,6,1,,,402700,,,,,,,,,,,,,,,,,,,,,,,,,,,,,,,,,,,14000US06001402700,Census Tract 4027,,,,1988,616,717,0,313,0,252,90,1988,55,51,67,28,210,550,378,169,247,183,16,34,724,116,6,30,18,27,25,7,22,5,11,40,55,68,25,82,187,98750,1188,524,396,128,375,0,49,86,6,148,477,71,105,1846
6001402801,"Census Tract 4028.01, Alameda County, California",ACSSF,ca,140,0,2841,,,,,6,1,,,402801,,,,,,,,,,,,,,,,,,,,,,,,,,,,,,,,,,,14000US06001402801,Census Tract 4028.01,,,,3301,990,1230,31,582,0,67,401,3301,210,88,243,0,139,1132,394,321,240,404,90,40,1786,87,205,62,42,212,33,80,0,0,97,30,40,66,78,448,306,100735,1828,375,356,19,706,32,52,214,16,433,1497,295,319,1971
6001402802,"Census Tract 4028.02, Alameda County, California",ACSSF,ca,140,0,2842,,,,,6,1,,,402802,,,,,,,,,,,,,,,,,,,,,,,,,,,,,,,,,,,14000US06001402802,Census Tract 4028.02,,,,1251,284,583,0,195,0,56,133,1251,11,15,16,0,61,245,151,139,109,336,124,44,699,176,144,99,0,0,18,0,0,64,39,12,54,22,0,20,51,15745,419,62,36,26,188,15,12,33,14,95,671,195,227,530
6001402900,"Census Tract 4029, Alameda County, California",ACSSF,ca,140,0,2843,,,,,6,1,,,402900,,,,,,,,,,,,,,,,,,,,,,,,,,,,,,,,,,,14000US06001402900,Census Tract 4029,,,,1638,426,291,3,742,0,100,76,1638,7,44,5,0,117,573,257,56,94,216,149,120,1025,170,159,42,107,4,50,35,28,0,58,53,83,37,66,96,37,33523,789,132,120,12,400,0,19,96,0,142,1025,228,222,1201
6001403000,"Census Tract 4030, Alameda County, California",ACSSF,ca,140,0,2844,,,,,6,1,,,403000,,,,,,,,,,,,,,,,,,,,,,,,,,,,,,,,,,,14000US06001403000,Census Tract 4030,,,,2907,239,43,10,2373,73,37,132,2907,27,75,29,77,93,360,338,377,343,469,496,223,1510,257,218,119,118,116,34,0,0,53,74,86,112,77,58,88,100,27774,1010,398,346,52,247,0,0,258,0,107,920,252,148,572
6001403100,"Census Tract 4031, Alameda County, California",ACSSF,ca,140,0,2845,,,,,6,1,,,403100,,,,,,,,,,,,,,,,,,,,,,,,,,,,,,,,,,,14000US06001403100,Census Tract 4031,,,,2054,774,416,0,620,13,116,115,2054,83,28,21,0,293,558,342,283,218,161,67,0,913,67,76,57,12,7,14,8,10,22,9,43,30,96,143,76,243,125688,1106,325,309,16,509,0,0,55,10,207,656,124,138,2724
6001403301,"Census Tract 4033.01, Alameda County, California",ACSSF,ca,140,0,2846,,,,,6,1,,,403301,,,,,,,,,,,,,,,,,,,,,,,,,,,,,,,,,,,14000US06001403301,Census Tract 4033.01,,,,1950,353,47,91,1230,0,79,150,1950,0,118,0,60,185,424,138,69,542,154,130,130,783,13,206,115,24,0,45,98,0,0,36,0,36,66,99,25,20,32788,1057,520,376,144,291,0,0,164,0,82,698,141,303,1813
6001403302,"Census Tract 4033.02, Alameda County, California",ACSSF,ca,140,0,2847,,,,,6,1,,,403302,,,,,,,,,,,,,,,,,,,,,,,,,,,,,,,,,,,14000US06001403302,Census Tract 4033.02,,,,2279,1124,92,53,593,0,46,371,2279,47,46,31,13,110,818,654,388,84,88,0,0,1414,13,59,0,31,45,46,35,13,45,13,47,112,108,149,190,508,138750,1870,537,513,24,631,99,55,278,31,239,807,123,44,3003
6001403401,"Census Tract 4034.01, Alameda County, California",ACSSF,ca,140,0,2848,,,,,6,1,,,403401,,,,,,,,,,,,,,,,,,,,,,,,,,,,,,,,,,,14000US06001403401,Census Tract 4034.01,,,,2882,1375,449,9,742,21,108,178,2882,95,29,80,0,78,756,365,285,292,380,249,273,2062,122,290,18,115,55,115,31,44,11,111,182,227,180,117,205,239,70135,1614,555,480,75,519,15,64,225,0,236,1767,582,286,1435
6001403402,"Census Tract 4034.02, Alameda County, California",ACSSF,ca,140,0,2849,,,,,6,1,,,403402,,,,,,,,,,,,,,,,,,,,,,,,,,,,,,,,,,,14000US06001403402,Census Tract 4034.02,,,,1197,513,217,0,258,43,0,166,1197,71,0,0,0,67,395,321,182,74,87,0,0,791,0,0,15,110,21,0,116,17,26,38,45,112,35,41,102,113,80436,974,230,133,97,445,0,27,148,0,124,791,245,75,1634
6001403501,"Census Tract 4035.01, Alameda County, California",ACSSF,ca,140,0,2850,,,,,6,1,,,403501,,,,,,,,,,,,,,,,,,,,,,,,,,,,,,,,,,,14000US06001403501,Census Tract 4035.01,,,,4655,1831,949,39,1210,65,83,478,4655,134,31,77,36,273,1318,927,441,500,502,275,141,2592,204,102,148,159,199,104,14,34,21,212,124,202,342,82,244,401,65909,2898,1337,1146,191,642,49,148,244,103,375,2382,673,579,1543
6001403502,"Census Tract 4035.02, Alameda County, California",ACSSF,ca,140,0,2851,,,,,6,1,,,403502,,,,,,,,,,,,,,,,,,,,,,,,,,,,,,,,,,,14000US06001403502,Census Tract 4035.02,,,,2008,1005,451,0,229,0,89,234,2008,31,42,86,0,173,609,330,328,168,113,119,9,1176,66,35,48,58,15,63,68,0,0,77,125,82,86,68,190,195,84318,1280,409,367,42,477,27,28,128,14,197,983,161,212,1873
6001403701,"Census Tract 4037.01, Alameda County, California",ACSSF,ca,140,0,2853,,,,,6,1,,,403701,,,,,,,,,,,,,,,,,,,,,,,,,,,,,,,,,,,14000US06001403701,Census Tract 4037.01,,,,3025,1470,633,0,504,0,229,189,3025,120,17,13,15,209,969,473,296,328,287,102,196,1825,62,65,39,63,18,17,55,44,25,170,280,169,204,184,257,173,82009,2010,745,708,37,448,18,111,239,1,448,1600,177,515,2028
6001404000,"Census Tract 4040, Alameda County, California",ACSSF,ca,140,0,2857,,,,,6,1,,,404000,,,,,,,,,,,,,,,,,,,,,,,,,,,,,,,,,,,14000US06001404000,Census Tract 4040,,,,3052,1697,470,7,420,20,86,352,3052,84,144,87,69,121,753,640,448,282,305,119,0,1756,70,75,9,0,32,66,78,68,0,167,119,264,255,149,152,252,87303,1959,937,805,132,281,0,52,206,58,425,1346,396,212,1766
6001404101,"Census Tract 4041.01, Alameda County, California",ACSSF,ca,140,0,2858,,,,,6,1,,,404101,,,,,,,,,,,,,,,,,,,,,,,,,,,,,,,,,,,14000US06001404101,Census Tract 4041.01,,,,3082,2245,240,12,277,0,93,215,3082,93,61,107,40,56,710,614,445,358,387,76,135,1712,51,29,25,26,83,28,83,34,34,67,102,206,199,126,259,360,106375,2125,907,730,177,652,16,68,146,0,336,1082,296,159,2030
6001404102,"Census Tract 4041.02, Alameda County, California",ACSSF,ca,140,0,2859,,,,,6,1,,,404102,,,,,,,,,,,,,,,,,,,,,,,,,,,,,,,,,,,14000US06001404102,Census Tract 4041.02,,,,2689,1582,147,50,364,0,154,392,2689,292,12,11,0,54,574,536,159,256,268,282,245,1612,97,103,80,57,38,43,9,55,10,99,141,214,162,128,140,236,80000,1430,681,610,71,350,10,33,86,7,263,1392,370,275,1900
6001404200,"Census Tract 4042, Alameda County, California",ACSSF,ca,140,0,2860,,,,,6,1,,,404200,,,,,,,,,,,,,,,,,,,,,,,,,,,,,,,,,,,14000US06001404200,Census Tract 4042,,,,3929,2718,195,12,631,32,90,251,3929,263,210,228,171,346,305,521,500,643,431,217,94,1437,28,14,0,13,0,18,0,0,41,51,40,163,88,151,110,720,200163,1816,1008,891,117,314,9,31,90,8,356,288,51,34,2625
6001404300,"Census Tract 4043, Alameda County, California",ACSSF,ca,140,0,2861,,,,,6,1,,,404300,,,,,,,,,,,,,,,,,,,,,,,,,,,,,,,,,,,14000US06001404300,Census Tract 4043,,,,3562,2576,41,26,519,0,80,320,3562,111,235,198,189,178,376,304,645,614,488,189,35,1408,42,25,20,0,0,0,19,9,69,25,62,62,72,68,202,733,204118,1838,863,793,70,268,0,76,36,0,595,106,55,0,3148
6001404800,"Census Tract 4048, Alameda County, California",ACSSF,ca,140,0,2867,,,,,6,1,,,404800,,,,,,,,,,,,,,,,,,,,,,,,,,,,,,,,,,,14000US06001404800,Census Tract 4048,,,,2722,1691,314,25,454,0,65,173,2722,125,131,160,71,242,322,359,393,368,358,141,52,1139,72,44,24,0,0,89,0,18,12,58,131,96,126,68,96,305,106250,1371,813,608,205,257,26,53,42,31,149,586,116,142,1563
6001404900,"Census Tract 4049, Alameda County, California",ACSSF,ca,140,0,2868,,,,,6,1,,,404900,,,,,,,,,,,,,,,,,,,,,,,,,,,,,,,,,,,14000US06001404900,Census Tract 4049,,,,4461,2763,338,36,632,42,180,470,4461,264,244,235,54,111,505,709,690,702,697,201,49,1966,21,54,65,16,33,83,7,92,77,34,105,146,181,168,342,542,134500,2734,1441,1169,272,506,22,33,63,0,669,896,181,131,2002
6001406000,"Census Tract 4060, Alameda County, California",ACSSF,ca,140,0,2882,,,,,6,1,,,406000,,,,,,,,,,,,,,,,,,,,,,,,,,,,,,,,,,,14000US06001406000,Census Tract 4060,,,,4288,1109,614,35,1761,14,575,180,4288,159,205,292,120,288,609,707,714,570,307,155,162,1728,33,192,52,105,34,187,84,26,104,106,116,148,84,100,100,257,53333,2285,1345,1216,129,468,28,51,64,66,263,1452,355,189,1208
6001406100,"Census Tract 4061, Alameda County, California",ACSSF,ca,140,0,2883,,,,,6,1,,,406100,,,,,,,,,,,,,,,,,,,,,,,,,,,,,,,,,,,14000US06001406100,Census Tract 4061,,,,5072,1250,488,44,1201,7,1744,338,5072,339,127,210,160,566,968,903,541,637,428,139,54,1666,140,189,21,40,108,43,16,151,50,91,115,108,108,72,208,206,54560,2397,1740,1588,152,387,0,12,88,9,161,1065,155,471,1287
6001406201,"Census Tract 4062.01, Alameda County, California",ACSSF,ca,140,0,2884,,,,,6,1,,,406201,,,,,,,,,,,,,,,,,,,,,,,,,,,,,,,,,,,14000US06001406201,Census Tract 4062.01,,,,5134,365,976,216,1501,0,2027,49,5134,302,393,508,216,619,1066,593,665,423,256,83,10,1551,164,77,102,0,91,11,104,145,25,160,252,185,77,48,92,18,56702,2335,1606,1264,342,412,0,0,120,37,160,1272,311,376,1293
6001406202,"Census Tract 4062.02, Alameda County, California",ACSSF,ca,140,0,2885,,,,,6,1,,,406202,,,,,,,,,,,,,,,,,,,,,,,,,,,,,,,,,,,14000US06001406202,Census Tract 4062.02,,,,4947,935,638,227,700,0,2017,430,4947,376,420,303,159,367,955,922,367,403,366,131,178,1316,98,46,97,52,128,12,73,75,49,177,148,94,104,26,62,75,51591,1950,1206,1047,159,386,0,10,87,162,99,1162,320,288,1291
6001406300,"Census Tract 4063, Alameda County, California",ACSSF,ca,140,0,2886,,,,,6,1,,,406300,,,,,,,,,,,,,,,,,,,,,,,,,,,,,,,,,,,14000US06001406300,Census Tract 4063,,,,4557,816,956,16,911,76,1441,341,4557,293,267,387,218,257,897,876,390,388,352,198,34,1344,44,200,31,88,31,45,67,59,104,60,86,153,69,49,122,136,50259,2311,1421,1185,236,624,0,18,34,5,209,797,234,230,1338
6001406400,"Census Tract 4064, Alameda County, California",ACSSF,ca,140,0,2887,,,,,6,1,,,406400,,,,,,,,,,,,,,,,,,,,,,,,,,,,,,,,,,,14000US06001406400,Census Tract 4064,,,,2559,801,451,16,439,62,574,216,2559,148,162,135,83,148,297,333,251,213,453,198,138,818,36,23,31,9,32,217,18,10,0,39,30,91,64,60,54,104,58125,988,666,485,181,176,0,18,26,6,96,490,121,240,1696
6001406500,"Census Tract 4065, Alameda County, California",ACSSF,ca,140,0,2888,,,,,6,1,,,406500,,,,,,,,,,,,,,,,,,,,,,,,,,,,,,,,,,,14000US06001406500,Census Tract 4065,,,,6342,1267,996,244,1275,231,1657,672,6342,282,302,608,364,432,1058,886,863,666,734,73,74,1882,162,20,66,53,42,203,68,106,96,99,188,162,232,115,207,63,60774,2904,2085,1921,164,494,11,0,0,36,278,1307,445,295,1624
6001406601,"Census Tract 4066.01, Alameda County, California",ACSSF,ca,140,0,2889,,,,,6,1,,,406601,,,,,,,,,,,,,,,,,,,,,,,,,,,,,,,,,,,14000US06001406601,Census Tract 4066.01,,,,4740,1098,1084,135,959,0,867,597,4740,310,205,273,27,257,1097,655,625,645,437,140,69,1817,131,20,88,110,49,95,34,170,12,141,152,266,160,132,140,117,64271,2371,1687,1527,160,239,11,0,0,43,391,1137,295,308,1597
6001406602,"Census Tract 4066.02, Alameda County, California",ACSSF,ca,140,0,2890,,,,,6,1,,,406602,,,,,,,,,,,,,,,,,,,,,,,,,,,,,,,,,,,14000US06001406602,Census Tract 4066.02,,,,2800,439,614,37,890,0,509,311,2800,184,239,155,91,146,490,445,312,325,244,98,71,973,7,73,26,1,95,52,53,87,49,92,32,126,41,26,113,100,51813,1234,749,594,155,361,0,0,21,30,73,672,236,195,1460
6001406700,"Census Tract 4067, Alameda County, California",ACSSF,ca,140,0,2891,,,,,6,1,,,406700,,,,,,,,,,,,,,,,,,,,,,,,,,,,,,,,,,,14000US06001406700,Census Tract 4067,,,,5571,2898,536,1,1074,261,215,586,5571,479,188,91,72,507,454,1006,819,940,619,290,106,2100,26,63,16,15,20,53,36,12,51,136,85,279,206,253,216,633,129519,3203,2023,1733,290,376,0,88,44,32,640,609,122,139,1659
6001407101,"Census Tract 4071.01, Alameda County, California",ACSSF,ca,140,0,2895,,,,,6,1,,,407101,,,,,,,,,,,,,,,,,,,,,,,,,,,,,,,,,,,14000US06001407101,Census Tract 4071.01,,,,3813,461,604,37,1096,0,1462,153,3813,246,183,351,85,362,634,789,443,301,363,43,13,1078,157,33,30,32,139,13,84,128,34,66,91,46,61,53,60,51,43496,1623,1169,899,270,207,0,10,174,0,63,638,177,267,1573
6001407200,"Census Tract 4072, Alameda County, California",ACSSF,ca,140,0,2897,,,,,6,1,,,407200,,,,,,,,,,,,,,,,,,,,,,,,,,,,,,,,,,,14000US06001407200,Census Tract 4072,,,,6820,1600,399,82,804,2,3436,497,6820,445,594,522,256,454,1420,1125,829,645,292,184,54,1896,121,136,53,116,117,39,46,168,31,241,217,218,73,140,110,70,53786,3245,1900,1644,256,824,0,60,144,72,245,1440,246,506,1421
6001407300,"Census Tract 4073, Alameda County, California",ACSSF,ca,140,0,2898,,,,,6,1,,,407300,,,,,,,,,,,,,,,,,,,,,,,,,,,,,,,,,,,14000US06001407300,Census Tract 4073,,,,2484,721,139,4,142,0,1386,92,2484,95,87,187,137,257,577,364,417,180,69,109,5,670,12,32,17,31,44,14,40,70,13,47,49,91,75,36,72,27,63875,1189,877,629,248,189,0,0,38,10,75,446,80,202,2077
6001407400,"Census Tract 4074, Alameda County, California",ACSSF,ca,140,0,2899,,,,,6,1,,,407400,,,,,,,,,,,,,,,,,,,,,,,,,,,,,,,,,,,14000US06001407400,Census Tract 4074,,,,4249,574,1479,203,373,35,1359,226,4249,233,240,455,175,417,430,704,487,515,282,248,63,1230,268,50,87,8,18,33,61,33,43,92,102,195,154,37,14,35,51029,1582,1228,1133,95,115,12,0,60,17,150,877,253,321,1199
6001408800,"Census Tract 4088, Alameda County, California",ACSSF,ca,140,0,2913,,,,,6,1,,,408800,,,,,,,,,,,,,,,,,,,,,,,,,,,,,,,,,,,14000US06001408800,Census Tract 4088,,,,7688,404,2924,38,336,159,2732,1095,7688,895,749,704,268,718,1660,829,577,767,403,108,10,2302,144,268,220,234,198,167,86,77,128,123,155,250,26,84,142,0,33507,3028,2229,1864,365,323,0,123,140,134,79,1712,601,433,923
6001427100,"Census Tract 4271, Alameda County, California",ACSSF,ca,140,0,2978,,,,,6,1,,,427100,,,,,,,,,,,,,,,,,,,,,,,,,,,,,,,,,,,14000US06001427100,Census Tract 4271,,,,4389,2637,32,5,946,6,415,348,4389,305,214,391,144,109,329,792,685,652,454,179,135,1435,24,30,9,0,0,43,0,58,31,9,57,140,102,101,220,611,170352,2048,1174,1023,151,278,18,22,73,0,483,401,68,45,2425
6001427200,"Census Tract 4272, Alameda County, California",ACSSF,ca,140,0,2979,,,,,6,1,,,427200,,,,,,,,,,,,,,,,,,,,,,,,,,,,,,,,,,,14000US06001427200,Census Tract 4272,,,,4418,1749,190,0,1771,49,218,441,4418,301,271,245,122,327,532,857,810,433,323,101,96,1582,48,25,46,49,119,66,61,58,64,55,76,167,84,163,224,277,88036,2451,1398,1358,40,294,15,64,166,18,496,1021,328,119,1714
6001427300,"Census Tract 4273, Alameda County, California",ACSSF,ca,140,0,2980,,,,,6,1,,,427300,,,,,,,,,,,,,,,,,,,,,,,,,,,,,,,,,,,14000US06001427300,Census Tract 4273,,,,5036,1914,764,48,1799,63,98,350,5036,211,352,486,91,287,880,754,638,440,623,239,35,2014,62,107,19,61,27,42,60,76,51,113,208,149,191,134,186,528,106389,2420,1495,1367,128,298,33,94,77,7,416,931,288,213,1629
6001427600,"Census Tract 4276, Alameda County, California",ACSSF,ca,140,0,2981,,,,,6,1,,,427600,,,,,,,,,,,,,,,,,,,,,,,,,,,,,,,,,,,14000US06001427600,Census Tract 4276,,,,4861,1611,524,4,1913,0,443,366,4861,344,237,90,214,371,1227,650,570,598,344,108,108,1943,189,54,19,8,72,123,40,45,13,120,196,374,204,156,141,189,83781,2575,1784,1595,189,284,25,34,92,86,270,1648,396,464,2184
6001427700,"Census Tract 4277, Alameda County, California",ACSSF,ca,140,0,2982,,,,,6,1,,,427700,,,,,,,,,,,,,,,,,,,,,,,,,,,,,,,,,,,14000US06001427700,Census Tract 4277,,,,5139,3188,124,41,1130,0,247,409,5139,258,305,204,92,239,823,1074,828,594,597,34,91,2170,76,188,11,45,14,103,44,26,49,32,266,109,194,98,353,562,117885,3070,1771,1533,238,442,28,11,188,0,630,1285,272,273,2147
6001427800,"Census Tract 4278, Alameda County, California",ACSSF,ca,140,0,2983,,,,,6,1,,,427800,,,,,,,,,,,,,,,,,,,,,,,,,,,,,,,,,,,14000US06001427800,Census Tract 4278,,,,4268,2144,263,6,1104,14,104,633,4268,235,294,120,113,248,653,717,662,576,405,180,65,1886,52,32,12,179,17,36,59,107,68,112,93,239,53,191,189,447,95417,2414,1450,1238,212,465,0,58,22,0,419,1161,334,242,1808
6001427900,"Census Tract 4279, Alameda County, California",ACSSF,ca,140,0,2984,,,,,6,1,,,427900,,,,,,,,,,,,,,,,,,,,,,,,,,,,,,,,,,,14000US06001427900,Census Tract 4279,,,,4893,2809,11,7,1408,0,112,546,4893,283,157,216,255,191,860,652,723,813,552,91,100,2091,96,0,53,125,28,20,9,90,20,130,110,272,283,254,114,487,101911,2782,1603,1375,228,574,11,77,103,0,414,1528,339,347,2095
6001428000,"Census Tract 4280, Alameda County, California",ACSSF,ca,140,0,2985,,,,,6,1,,,428000,,,,,,,,,,,,,,,,,,,,,,,,,,,,,,,,,,,14000US06001428000,Census Tract 4280,,,,2975,1050,220,15,826,0,296,568,2975,307,108,208,99,96,699,425,456,213,247,78,39,1341,18,60,0,57,17,23,84,71,12,54,157,216,218,68,189,97,86134,1458,848,798,50,335,0,6,69,23,177,1164,338,259,1934
6001428100,"Census Tract 4281, Alameda County, California",ACSSF,ca,140,0,2986,,,,,6,1,,,428100,,,,,,,,,,,,,,,,,,,,,,,,,,,,,,,,,,,14000US06001428100,Census Tract 4281,,,,4812,2603,325,0,1177,19,145,543,4812,317,379,392,99,320,667,573,838,423,503,142,159,1885,42,69,18,42,68,28,10,26,54,101,140,207,188,177,284,431,121250,2339,1324,1198,126,467,19,21,44,42,422,979,189,146,1888
6001428200,"Census Tract 4282, Alameda County, California",ACSSF,ca,140,0,2987,,,,,6,1,,,428200,,,,,,,,,,,,,,,,,,,,,,,,,,,,,,,,,,,14000US06001428200,Census Tract 4282,,,,6947,3709,312,11,1622,15,578,700,6947,346,440,470,249,411,721,886,953,811,1108,263,289,2774,29,14,70,114,188,66,165,118,28,222,166,229,193,210,351,611,92212,3211,1999,1760,239,485,0,42,134,16,535,1111,234,309,2315
6001428400,"Census Tract 4284, Alameda County, California",ACSSF,ca,140,0,2990,,,,,6,1,,,428400,,,,,,,,,,,,,,,,,,,,,,,,,,,,,,,,,,,14000US06001428400,Census Tract 4284,,,,4593,2002,477,127,891,107,205,784,4593,234,269,183,163,219,985,669,714,433,405,180,139,1880,180,21,38,16,38,91,30,103,38,107,153,241,221,156,214,233,86822,2405,1501,1337,164,300,27,38,23,0,516,1346,356,271,2085
6001428500,"Census Tract 4285, Alameda County, California",ACSSF,ca,140,0,2991,,,,,6,1,,,428500,,,,,,,,,,,,,,,,,,,,,,,,,,,,,,,,,,,14000US06001428500,Census Tract 4285,,,,3154,1487,204,34,926,9,188,306,3154,171,90,179,36,168,417,833,358,273,386,126,117,1454,47,31,35,49,33,25,10,15,32,11,61,214,202,105,180,404,114688,1717,820,776,44,376,20,32,104,12,353,1013,293,69,2526
6001428600,"Census Tract 4286, Alameda County, California",ACSSF,ca,140,0,2992,,,,,6,1,,,428600,,,,,,,,,,,,,,,,,,,,,,,,,,,,,,,,,,,14000US06001428600,Census Tract 4286,,,,3475,1656,205,62,989,0,173,390,3475,182,182,129,39,150,486,487,383,622,478,199,138,1643,40,23,10,38,36,9,28,8,133,72,135,231,156,124,233,367,104049,1954,972,910,62,288,19,58,55,21,541,942,200,243,2517
6001428700,"Census Tract 4287, Alameda County, California",ACSSF,ca,140,0,2993,,,,,6,1,,,428700,,,,,,,,,,,,,,,,,,,,,,,,,,,,,,,,,,,14000US06001428700,Census Tract 4287,,,,4628,1308,664,28,1835,77,332,384,4628,490,328,365,147,549,611,726,485,475,277,68,107,1418,138,112,67,6,53,31,19,49,8,53,98,91,38,38,144,473,95395,1992,1218,1058,160,200,5,102,51,32,384,741,136,155,1087
6001982000,"Census Tract 9820, Alameda County, California",ACSSF,ca,140,0,3193,,,,,6,1,,,982000,,,,,,,,,,,,,,,,,,,,,,,,,,,,,,,,,,,14000US06001982000,Census Tract 9820,,,,48,26,6,2,14,0,0,0,48,0,0,0,0,0,5,8,0,13,18,4,0,35,0,0,0,0,0,0,0,0,0,0,0,0,18,5,2,10,122411,33,0,0,0,23,0,0,6,0,4,0,0,0,
6001983200,"Census Tract 9832, Alameda County, California",ACSSF,ca,140,0,3195,,,,,6,1,,,983200,,,,,,,,,,,,,,,,,,,,,,,,,,,,,,,,,,,14000US06001983200,Census Tract 9832,,,,755,455,84,0,161,2,32,21,755,8,7,10,0,5,174,225,158,62,72,34,0,462,0,19,0,6,7,0,0,5,0,0,10,43,23,30,171,148,168173,596,148,123,25,159,0,0,23,11,255,95,8,0,3331